,Prediction
0,No
,Prediction
0,No
,Prediction
0,No
,Prediction
0,No
,Prediction
0,No
,Prediction
0,No
,Prediction
0,No
,Prediction
0,No
,Prediction
0,No
,Prediction
0,No
,Prediction
0,No
,Prediction
0,No
,Prediction
0,No
,Prediction
0,No
,Prediction
0,No
,Prediction
0,No
,Prediction
0,No
,Prediction
0,No
,Prediction
0,No
,Prediction
0,No
,Prediction
0,No
,Prediction
0,No
,Prediction
0,No
,Prediction
0,No
,Prediction
0,No
,Prediction
0,No
,Prediction
0,No
,Prediction
0,No
,Prediction
0,No
,Prediction
0,No
,Prediction
0,No
,Prediction
0,Yes
,Prediction
0,No
,Prediction
0,Yes
,Prediction
0,Yes
,Prediction
0,Yes
,Prediction
0,Yes
,Prediction
0,Yes
,Prediction
0,Yes
,Prediction
0,Yes
,Prediction
0,Yes
,Prediction
0,Yes
,Prediction
0,No
,Prediction
0,Yes
,Prediction
0,Yes
,Prediction
0,Yes
